{
  "metadata": {
    "timestamp": "2026-02-06T14:48:04.171471",
    "description": "Prime polygon search: Compound of Truncated Tetrahedron + Tetrahedron",
    "source_polyhedra": [
      "truncated_tetrahedron",
      "tetrahedron"
    ],
    "total_vertices": 16,
    "target_primes": [
      5,
      7,
      11,
      13
    ],
    "notes": "11-GON BREAKTHROUGH: First verified 11-gon projection from 3D polytope compound"
  },
  "findings": [
    {
      "hull_count": 7,
      "compound": "truncated_tetrahedron + tetrahedron",
      "relative_spread": 0.14,
      "view_spreads": [
        0.0,
        0.04,
        0.4
      ],
      "regularity_score": 0.0,
      "angle_variance_deg": 28.0,
      "edge_variance_pct": 49.15,
      "is_equiangular": false,
      "is_equilateral": false,
      "hull_vertices_2d": [
        [
          -0.318542,
          -0.947209
        ],
        [
          0.971107,
          0.042857
        ],
        [
          0.456545,
          0.509957
        ],
        [
          -0.227714,
          0.891342
        ],
        [
          -0.785298,
          0.612545
        ],
        [
          -0.89483,
          0.424242
        ],
        [
          -0.877687,
          -0.424242
        ]
      ],
      "interior_angles": [
        99.4,
        79.75,
        166.9,
        124.3,
        146.75,
        148.66,
        134.24
      ],
      "edge_lengths": [
        1.6259,
        0.695,
        0.7834,
        0.6234,
        0.2178,
        0.8487,
        0.7656
      ]
    },
    {
      "hull_count": 11,
      "compound": "truncated_tetrahedron + tetrahedron",
      "relative_spread": 0.06,
      "view_spreads": [
        0.0,
        0.28,
        0.44
      ],
      "regularity_score": 0.132,
      "angle_variance_deg": 12.17,
      "edge_variance_pct": 49.65,
      "is_equiangular": false,
      "is_equilateral": false,
      "hull_vertices_2d": [
        [
          -0.781085,
          0.42563
        ],
        [
          -0.75396,
          -0.42563
        ],
        [
          -0.453939,
          -0.876891
        ],
        [
          -0.372469,
          -0.907688
        ],
        [
          -0.003494,
          -0.82563
        ],
        [
          0.719848,
          -0.37437
        ],
        [
          0.992745,
          0.02563
        ],
        [
          0.692723,
          0.476891
        ],
        [
          -0.057743,
          0.876891
        ],
        [
          -0.508188,
          0.82563
        ],
        [
          -0.676756,
          0.696028
        ]
      ],
      "interior_angles": [
        157.08,
        148.21,
        144.33,
        146.75,
        160.58,
        156.26,
        112.08,
        151.68,
        145.45,
        148.94,
        148.65
      ],
      "edge_lengths": [
        0.8517,
        0.5419,
        0.0871,
        0.378,
        0.8526,
        0.4842,
        0.5419,
        0.8504,
        0.4534,
        0.2126,
        0.2898
      ]
    }
  ],
  "summary": {
    "primes_found": [
      7,
      11
    ],
    "total_prime_types": 2
  }
}