{
  "metadata": {
    "timestamp": "2026-02-06T14:47:37.234475",
    "description": "Prime polygon search: Compound of Truncated Tetrahedron + Tetrahedron",
    "source_polyhedra": [
      "truncated_tetrahedron",
      "tetrahedron"
    ],
    "total_vertices": 16,
    "target_primes": [
      5,
      7,
      11,
      13
    ]
  },
  "findings": [
    {
      "hull_count": 7,
      "compound": "truncated_tetrahedron + tetrahedron",
      "relative_spread": 0.0,
      "view_spreads": [
        0.0,
        0.0,
        0.5000000000000001
      ],
      "hull_vertices_2d": [
        [
          0.90453403,
          0.0
        ],
        [
          -0.30151134,
          0.85280287
        ],
        [
          -0.57735027,
          0.81649658
        ],
        [
          -0.90453403,
          0.42640143
        ],
        [
          -0.90453403,
          -0.42640143
        ],
        [
          -0.57735027,
          -0.81649658
        ],
        [
          -0.30151134,
          -0.85280287
        ]
      ],
      "interior_angles": [
        70.52878002864698,
        137.2373646782634,
        137.48575079690258,
        140.0124944360463,
        140.0124944360463,
        137.48575079690258,
        137.2373646782634
      ],
      "edge_lengths": [
        1.4770978876088998,
        0.2782180116331598,
        0.5091399010696962,
        0.85280286,
        0.5091399010696962,
        0.2782180116331598,
        1.4770978876088998
      ],
      "is_equiangular": 